"bic","no.param","treatment"
4459.16868692008,4,1
3904.55106923098,4,2
8003.51412128295,4,3
3092.23521395684,4,4
