"bic","no.param","treatment"
1534.90787931212,4,1
1860.41436370975,4,2
3573.65087644473,4,3
1689.76072171812,4,4
